name,category,ratevalue,reviewcount,address,postcode,city,area,telephone,website,price,url
"Vietthao","Vietnamesisches Restaurant","4.5","34","Friedrichstr.2","1010","Wien","Innere Stadt","01 5852031","","€ 11-20","http://www.yelp.at/biz/vietthao-wien"
"That’s Amore","PizzaItalienisches Restaurant","4.5","28","Messenhausergasse 13","1030","Wien","Landstraße","01 3439518","thatsamore.at","€ 11-20","http://www.yelp.at/biz/thats-amore-wien"
"Teka-Sushi","Japanisches RestaurantSushiAsiatisches Restaurant","4.5","15","Billrothstr. 5","1190","Wien","Döbling","01 9610630","tekasushi.at","€ 11-20","http://www.yelp.at/biz/teka-sushi-wien"
"I Ragazzi","PizzaItalienisches Restaurant","4.0","45","Burggasse 6-8","1070","Wien","Neubau, Spittelberg","01 5226325","iragazzi.at","€ 11-20","http://www.yelp.at/biz/i-ragazzi-wien"
"Zina’s","Mediterranes Restaurant","5.0","14","Praterstr. 55","1020","Wien","Leopoldstadt","01 2121881","zinas.at","€ 11-20","http://www.yelp.at/biz/zinas-wien"
"Inigo","Beisl","4.5","23","Bäckerstr. 18","1010","Wien","Innere Stadt","01 5127451","inigo.at","€ 11-20","http://www.yelp.at/biz/inigo-wien"
"Saigon Restaurant","Vietnamesisches Restaurant","4.0","36","Getreidemarkt 7","1060","Wien","Mariahilf","01 5856395","saigon.at","€ 11-20","http://www.yelp.at/biz/saigon-restaurant-wien-2"
"Elefant & Castle","Smoothies & SaftbarIndisches Restaurant","4.5","21","Neubaugasse 45","1070","Wien","Neubau","0699 19208459","elefantcastle.at","€ 11-20","http://www.yelp.at/biz/elefant-und-castle-wien"
"Soupkultur","Suppe & Eintopf","4.5","21","Wipplingerstr. 32","1010","Wien","Innere Stadt","01 5324628","soupkultur.at","€ 11-20","http://www.yelp.at/biz/soupkultur-wien"
"Goldene Schwalbe","Chinesisches Restaurant","3.5","2","Lagergasse 67","8020","Graz","","0316 724199","","","http://www.yelp.at/biz/goldene-schwalbe-graz"
"Buschenschank Bürger","WeinbarÖsterreichisches Restaurant","","","Briefelsdorf 1","9560","Feldkirchen in Kärnten","","0664 2380030","buschenschank.jimdo.com","","http://www.yelp.at/biz/buschenschank-b%C3%BCrger-feldkirchen-in-k%C3%A4rnten"
"Bonsai","Asiatisches Restaurant","3.5","2","Burggraben 17","6020","Innsbruck","","0512 581423","","","http://www.yelp.at/biz/bonsai-innsbruck"
"Fuzo Pizza & Kebap","Essen & TrinkenPizza","","","Linzer Str. 42","4614","Marchtrenk","","07243 51570","","","http://www.yelp.at/biz/fuzo-pizza-and-kebap-marchtrenk"
"Yoshiś Zustellservice","Fast Food","","","Sankt Martiner Str.19","9500","Villach","","04242 51276","yoshis.at","","http://www.yelp.at/biz/yoshi%C5%9B-zustellservice-villach"
"Eduardo’s Pizza Service, Gattringer","Eisdiele & Frozen YogurtPizzaLieferserviceItalienisches Restaurant","1.5","3","Italiener Strasse 17","9500","Villach","","04242 2199210","eduardos.at","","http://www.yelp.at/biz/eduardos-pizza-service-gattringer-villach-2"
"Xo-Noodles","Chinesisches RestaurantItalianAmerican (Traditional)BarsAsian Fusion","4.0","115513","Kärntner Ring 11-13","1010","Wien","Innere Stadt","01 5338390","xo-noodles.com","€ 11-20","http://www.yelp.at/biz/xo-noodles-wien-3"
"Latte Grande","Italienisches RestaurantBar","4.0","34","Währinger Gürtel 139","1180","Wien","Döbling","01 3301590","lattegrande.at","€ 11-20","http://www.yelp.at/biz/latte-grande-wien"
"Tulsi Indian Cuisine","Indisches Restaurant","4.5","12","Fluchtgasse 1","1090","Wien","Alsergrund","01 3101777","tulsi.co.at","€ 11-20","http://www.yelp.at/biz/tulsi-indian-cuisine-wien"
"Nam Nam Deli","Indisches RestaurantFast Food","4.0","16","Arbeitergasse 8","1050","Wien","Margareten","01 9416511","nam-nam.at/dabba","€ 11-20","http://www.yelp.at/biz/nam-nam-deli-wien-3"
"Natsu","SushiJapanisches Restaurant","4.0","36","Burggasse 71","1070","Wien","Neubau","01 5221903","","Unter € 10","http://www.yelp.at/biz/natsu-wien-2"
"Okinawa Sushi Bar","Sushi","4.5","9","Währinger Str. 52","1090","Wien","Alsergrund","01 9421062","","Unter € 10","http://www.yelp.at/biz/okinawa-sushi-bar-wien"
"Chimbiss","Deutsches Restaurant","5.0","7","Nelkengasse 1","1060","Wien","Mariahilf","01 5852685","chimbiss.at","€ 11-20","http://www.yelp.at/biz/chimbiss-wien-2"
"Schrittesser Speck & Bar","Österreichisches RestaurantBar","4.5","11","Reichsratsstr. 11","1010","Wien","Innere Stadt","0650 3320213","schrittesser.at","€ 21-40","http://www.yelp.at/biz/schrittesser-speck-und-bar-wien"
"Blueorange","CaféBagelsCoffee ShopCaféCoffee ShopFrühstück & Brunch","4.0","3334","Margaretenstr. 9","1040","Wien","Wieden, Freihausviertel","01 5811770","blueorange.co.at","€ 11-20","http://www.yelp.at/biz/blueorange-wien-6"
"Schiller´s","BarKebabPizza","","","Langgasse 2a","4020","Volksgartenviertel","","0732 273993","","Unter € 10","http://www.yelp.at/biz/schiller-s-volksgartenviertel"
"Pizzeria Hitz","Pizza","","","Hanuschstr. 78","4020","Linz","","0732 661190","","","http://www.yelp.at/biz/pizzeria-hitz-linz"
"Pizza Italy of Salzburg","PizzaItalienisches Restaurant","5.0","1","Ignaz-Harrerstrasse 83Staatlich geprüfte Fremdenführer","5020","Salzburg","","0662 434340","","","http://www.yelp.at/biz/pizza-italy-of-salzburg-salzburg"
"Popeye Kebab","Türkisches RestaurantKebab","","","Ignaz-Harrer-Str. 56","5020","Salzburg","","0664 4839436","popeye-kebab.at","","http://www.yelp.at/biz/popeye-kebab-salzburg"
"Milton!","Internationales RestaurantVeganes RestaurantVegetarisches Restaurant","","","Vogelweiderstr. 61","5020","Salzburg","","0676 3661174","milton-salzburg.at","","http://www.yelp.at/biz/milton-salzburg"
"Pizza Boys of Salzburg","Italienisches RestaurantPizza","5.0","1","Ganshofstr. 9","5020","Salzburg","","0662 828494","pizzaboys.at","€ 11-20","http://www.yelp.at/biz/pizza-boys-of-salzburg-salzburg"
"Diyar Kebap & Pizza","KebabPizza","2.5","2","Elisabeth Str. 44","5020","Salzburg","","0662 452046","","Unter € 10","http://www.yelp.at/biz/diyar-kebap-und-pizza-salzburg"
"Cipollino","PizzaItalienisches Restaurant","4.5","12","Rückertgasse 33","1160","Wien","Ottakring","01 4854866","cipollino.at","€ 21-40","http://www.yelp.at/biz/cipollino-wien-2"
"Restaurant Samrat","Indisches Restaurant","4.5","9","Florianigasse 20","1080","Wien","Josefstadt","01 4084741","","€ 11-20","http://www.yelp.at/biz/restaurant-samrat-wien-2"
"Hollerei","Vegetarisches Restaurant","4.0","49","Hollergasse 9","1150","Wien","Rudolfsheim-Fünfhaus","01 8923356","hollerei.at","€ 11-20","http://www.yelp.at/biz/hollerei-wien-2"
"neuDeli","Internationales Restaurant","4.5","8","Wipplingerstr. 20","1010","Wien","Innere Stadt","0664 5725338","neudeli.at","Unter € 10","http://www.yelp.at/biz/neudeli-wien"
"Kebab Haus-Oase","Türkisches Restaurant","4.5","7","Friedmanngasse 14","1160","Wien","Ottakring","01 4098167","","€ 11-20","http://www.yelp.at/biz/kebab-haus-oase-wien"
"Kiang","Asiatisches Restaurant","4.0","19","Rotgasse 8","1010","Wien","Innere Stadt","01 5330856","kiang.at","€ 11-20","http://www.yelp.at/biz/kiang-wien"
"ef16 Restaurant Weinbar","Restaurant","4.5","11","Fleischmarkt 16","1010","Wien","Innere Stadt","01 5132318","ef16.at","€ 21-40","http://www.yelp.at/biz/ef16-restaurant-weinbar-wien"
"Bamboo","Chinesisches RestaurantAsiatisches Restaurant","4.0","23","Margaretenstr. 51","1050","Wien","Margareten","01 5854061","bamboo-restaurant.at","€ 11-20","http://www.yelp.at/biz/bamboo-wien-2"
"Kimchi","Koreanisches RestaurantThailändisches Restaurant","4.5","17","Marxergasse  15","1030","Wien","Landstraße","01 7133734","kimchi-wien.at","€ 11-20","http://www.yelp.at/biz/kimchi-wien-2"
"Akakiko","Japanisches Restaurant","4.0","33","Mariahilfer Str. 42-48","1070","Wien","Neubau","057 333150","akakiko.at","€ 11-20","http://www.yelp.at/biz/akakiko-wien-2"
"China Restaurant Shanghai Town Salzburg","Chinesisches Restaurant","4.0","2","Franz-Josefstr. 24","5020","Salzburg","","","shanghaitown-salzburg.com","€ 11-20","http://www.yelp.at/biz/china-restaurant-shanghai-town-salzburg-salzburg"
"Asia Bistro","Fast Food","5.0","1","Wiener Straße 61","4020","Linz","","0732 604655","","Unter € 10","http://www.yelp.at/biz/asia-bistro-linz"
"Unipizza","KebabPizza","3.0","1","Johann-Wilhelm-Klein-Str. 53","4040","Linz","","0732 243455","unipizza.at","Unter € 10","http://www.yelp.at/biz/unipizza-linz"
"Phone Box","PizzaBurgerÖsterreichisches Restaurant","","","Weißenwolffstr. 1","4020","Linz","","0732 776271","phonebox-pizzeria.at","€ 11-20","http://www.yelp.at/biz/phone-box-linz-2"
"Da Vinci Linz","Mexikanisches RestaurantItalienisches RestaurantGriechisches Restaurant","5.0","2","Schillerstr. 2","4020","Linz","","0732 601775","davinci-ristorante.at","€ 11-20","http://www.yelp.at/biz/da-vinci-linz-linz"
"Oishi Sushi","SushiJapanisches RestaurantWok","5.0","3","Gumpendorferstr. 36","1060","Wien","Mariahilf","01 5857819","","Unter € 10","http://www.yelp.at/biz/oishi-sushi-wien"
"Café Orient","Coffee ShopNahöstliches Restaurant","3.5","13","Neubaugasse 59","1070","Wien","Neubau","01 2366858","cafeorient.at","Unter € 10","http://www.yelp.at/biz/caf%C3%A9-orient-wien-2"
"Thali","Indisches Restaurant","4.0","20","Vorgartenstr. 173","1020","Wien","Leopoldstadt","01 2124477","go-thali.at","€ 11-20","http://www.yelp.at/biz/thali-wien"
"AJ’S American Diner","Amerikanisches RestaurantLieferservice","4.0","16","Gumpendorferstr. 63a","1060","Wien","Mariahilf","01 2088282","","€ 11-20","http://www.yelp.at/biz/ajs-american-diner-wien"
"Pizzeria da Peppino","Italienisches RestaurantPizza","5.0","6","Lerchenfelder Str. 65","1070","Wien","Neubau","01 9614121","dapeppino.at","€ 11-20","http://www.yelp.at/biz/pizzeria-da-peppino-wien-2"
"I Vecchi Amici","PizzaItalienisches Restaurant","4.5","8","Liechtensteinstr. 24","1090","Wien","Alsergrund","01 3191286","ivecchiamici.at","€ 21-40","http://www.yelp.at/biz/i-vecchi-amici-wien"
"Gabel & Co","Österreichisches Restaurant","4.5","16","Julius Tandler Platz 1","1090","Wien","Alsergrund","01 3170316","","€ 11-20","http://www.yelp.at/biz/gabel-and-co-wien"
"Natraj","Indisches Restaurant","4.5","8","Marchettigasse 18","1060","Wien","Mariahilf","01 5954502","","","http://www.yelp.at/biz/natraj-wien"
"Spirali","Italienisches RestaurantModern-Europäisches Restaurant","4.5","7","Kirchengasse 22","1070","Wien","Neubau","01 8902126","spirali.at","€ 11-20","http://www.yelp.at/biz/spirali-wien"
"Said the butcher to the cow","Burger","3.5","25","Opernring 11","1010","Wien","Innere Stadt","01 5356969","butcher-cow.at","€ 11-20","http://www.yelp.at/biz/said-the-butcher-to-the-cow-wien"
"Mr. WU","LieferserviceSushi","","","Ringmauergasse 14","9500","Villach","","04242 29998","mrwu.at","€ 11-20","http://www.yelp.at/biz/mr-wu-villach"
"Pasta... e Basta","Italienisches Restaurant","4.0","22","Werdertorgasse 10","1010","Wien","Innere Stadt","01 7966542","pastaebasta.at","€ 11-20","http://www.yelp.at/biz/pasta-e-basta-wien-2"
"Restaurant Weinbar Galeria","WeinbarItalienisches Restaurant","4.0","1","Postgasse 6","9500","Villach","","","restaurantgaleria.com","€ 21-40","http://www.yelp.at/biz/restaurant-weinbar-galeria-villach"
"Mr.Wu","Chinesisches Restaurant","4.0","1","Ringmauergasse 12","9500","Villach","","","","Unter € 10","http://www.yelp.at/biz/mr-wu-villach-2"
"Omnom burger","Burger","4.0","12","Wiedner Hauptstr. 125","1050","Wien","Margareten","0660 7071015","omnomburger.at","€ 11-20","http://www.yelp.at/biz/omnom-burger-wien"
"Roth","Deutsches RestaurantÖsterreichisches Restaurant","4.5","5","Währingerstr. 1","1090","Wien","Alsergrund","01 4027995","kremslehnerhotels.at","€ 21-40","http://www.yelp.at/biz/roth-wien"
"Pizzeria Casa Piccola","PizzaItalienisches Restaurant","5.0","4","Hernalser Gürtel 30","1090","Wien","Alsergrund","01 4083924","","€ 11-20","http://www.yelp.at/biz/pizzeria-casa-piccola-wien-3"
"Cafe Hofburg","CaféCoffee Shop","4.5","8","Innerer Burghof 1","1010","Wien","Innere Stadt","01 24100-400","cafe-hofburg.at","€ 21-40","http://www.yelp.at/biz/cafe-hofburg-wien"
"Kent","Nahöstliches Restaurant","3.5","24","Märzstr. 39","1150","Wien","Rudolfsheim-Fünfhaus","01 7898038","kentrestaurant.at","€ 11-20","http://www.yelp.at/biz/kent-wien-2"
"Schnitzel Landmann","Fast FoodÖsterreichisches Restaurant","4.5","5","Alserstr. 57","1080","Wien","Josefstadt","","schnitzel-landmann.at","€ 11-20","http://www.yelp.at/biz/schnitzel-landmann-wien"
"Restaurant Trink-Pizzeria Sul lago","Italienisches Restaurant","4.0","1","Seeblickstr. 55","9580","Villach","","04254 2307","drobollach.net","€ 11-20","http://www.yelp.at/biz/restaurant-trink-pizzeria-sul-lago-villach"
"Sakura Hu KEG","Japanisches Restaurant","4.5","8","Völkendorfer Str. 6","9500","Villach","","0699 19679516","","Unter € 10","http://www.yelp.at/biz/sakura-hu-keg-villach"
"Etap","Türkisches Restaurant","5.0","4","Neulerchenfelder Str. 13","1160","Wien","Ottakring","01 4060478","etapevent.at","€ 11-20","http://www.yelp.at/biz/etap-wien"
"Ottimo","BarModern-Europäisches Restaurant","3.5","10","Gonzagagasse 14","1010","Wien","Innere Stadt","01 9525555","ottimo.at","€ 11-20","http://www.yelp.at/biz/ottimo-wien"
"Rote Rübe","Bistro","5.0","3","Zieglergasse 37","1070","Wien","Neubau","0650 7913860","rote-rübe.com","€ 11-20","http://www.yelp.at/biz/rote-r%C3%BCbe-wien"
"Bäckerei RITZ","Bäckereien & KonditoreienCaféCoffee Shop","4.0","10","Spitalgasse 33","1090","Wien","Alsergrund","01 4023700","ritz.cc","Unter € 10","http://www.yelp.at/biz/b%C3%A4ckerei-ritz-wien"
"Restaurant Stern","Steakhouse","5.0","5","Kaiser-Josef-Platz 5","9500","Villach","","04242 24755","stern-villach.com","€ 21-40","http://www.yelp.at/biz/restaurant-stern-villach"
"Pizzeria Nicoletta","Italienisches Restaurant","4.5","13","Treffnerstrasse 100","9500","Villach","","04242 22717","nicoletta.at","€ 11-20","http://www.yelp.at/biz/pizzeria-nicoletta-villach"
"Pizzeria - Ristorante - Semo","Pizza","5.0","1","Salzburgerstraße  67","4600","Wels","","07242 25686","pizza-semo.com","Unter € 10","http://www.yelp.at/biz/pizzeria-ristorante-semo-wels"
"I&M Grill","Kroatisches Restaurant","","","Eferdingerstr. 72","4600","Wels","","0676 7969546","im-grill.at","€ 11-20","http://www.yelp.at/biz/i-und-m-grill-wels"
"PizzaMann","PizzaItalienisches Restaurant","2.0","4","Viaduktbogen 21","6020","Innsbruck","","0512 584432","mjam.net/at/#page=restaurant/…","€ 11-20","http://www.yelp.at/biz/pizzamann-innsbruck"
"sahib","Essen & TrinkenIndisches Restaurant","3.0","14","sillgasse 3indian restaurant Sahib/ zum 1.Inder","6020","Innsbruck","","0512 571468","sahib.at","€ 21-40","http://www.yelp.at/biz/sahib-innsbruck"
"Ristorante Il Dottore","Italienisches Restaurant","3.5","5","Kaiserjägerstr. 1","6020","Innsbruck","","0512 932666","il-dottore.net","€ 11-20","http://www.yelp.at/biz/ristorante-il-dottore-innsbruck"
"Hanil Sushi Bar","Japanisches Restaurant","4.5","4","Gymnasiumstr. 26","1180","Wien","Währing","01 4785429","hanil-sushi.at","€ 11-20","http://www.yelp.at/biz/hanil-sushi-bar-wien"
"Ristorante Pizzeria Campanile","PizzaItalienisches Restaurant","4.5","6","Herbststr. 59","1160","Wien","Ottakring","01 4925212","campanile.co.at","€ 11-20","http://www.yelp.at/biz/ristorante-pizzeria-campanile-wien"
"Zeljo Grill","Österreichisches Restaurant","4.5","5","Thaliastr.30","1160","Wien","Ottakring","01 4039650","zeljo.at","Unter € 10","http://www.yelp.at/biz/zeljo-grill-wien"
"jaja’s Low Carb Café","CaféCoffee ShopBistro","4.0","8","Johannesgasse 9-13","1010","Wien","Innere Stadt","0676 9669793","jajas.at","Unter € 10","http://www.yelp.at/biz/jajas-low-carb-caf%C3%A9-wien"
"Gold Rock","Japanisches RestaurantKoreanisches Restaurant","4.0","7","Reinprechtsdorferstr. 57A","1050","Wien","Margareten","01 5443644","goldrock-wien.at","€ 11-20","http://www.yelp.at/biz/gold-rock-wien-2"
"Settimo Cielo","Italienisches RestaurantHotel","4.0","6","Singerstr. 310. Stock","1010","Wien","Innere Stadt","01 5123875","kremslehnerhotels.at","€ 21-40","http://www.yelp.at/biz/settimo-cielo-wien-3"
"Restaurant Jaipur Palace","Indisches Restaurant","4.5","5","Brünnlbadgasse 15","1090","Wien","Alsergrund","01 4022123","jaipur.at","€ 11-20","http://www.yelp.at/biz/restaurant-jaipur-palace-wien"
"Fiore","Veganes RestaurantVegetarisches RestaurantPizza","4.5","7","Stollgasse 5","1070","Wien","Neubau","01 5223741","fiore1070.at","€ 11-20","http://www.yelp.at/biz/fiore-wien"
"China Restaurant Kaiser","Chinesisches Restaurant","4.5","10","Defreggerstr. 26","6020","Innsbruck","","0512 395670","chinarestaurant-kaiser.at","€ 11-20","http://www.yelp.at/biz/china-restaurant-kaiser-innsbruck"
"McDonald’s","BurgerFast Food","4.5","4","Herzog-Friedrich-Str. 35","6020","Innsbruck","","0512 5628070","mcdonalds.at","Unter € 10","http://www.yelp.at/biz/mcdonalds-innsbruck-5"
"Restaurant Kaiserstube","RestaurantPub","4.5","8","Museumstr. 31","6020","Innsbruck","","0512 589889","kaiserstube.com","€ 11-20","http://www.yelp.at/biz/restaurant-kaiserstube-innsbruck"
"Madhuban Restaurant","Indisches RestaurantVegetarisches RestaurantLounge","4.0","16","Müllerstr. 11","6020","Innsbruck","","0512 589157","madhuban.at","€ 11-20","http://www.yelp.at/biz/madhuban-restaurant-innsbruck"
"Noi","Thailändisches Restaurant","4.5","9","Kaiserjägerstrasse  1","6020","Innsbruck","","0512 589777","noithaikueche.at","€ 11-20","http://www.yelp.at/biz/noi-innsbruck"
"Ristorante Pizzeria Sapori","PizzaItalienisches Restaurant","4.5","20","Fallmerayerstrasse 12","6020","Innsbruck","","0512 587530","sapori.at","€ 11-20","http://www.yelp.at/biz/ristorante-pizzeria-sapori-innsbruck"
"Pizza City","LieferserviceItalienisches Restaurant","4.5","5","Thaliastr. 40","1160","Wien","Ottakring","01 4053017","pizzacity.at","€ 11-20","http://www.yelp.at/biz/pizza-city-wien"
"Piotrowski","SandwichPolnisches Restaurant","4.5","3","Schwertgasse 2","1010","Wien","Innere Stadt","01 5358558","belegte-broetchen.at","€ 11-20","http://www.yelp.at/biz/piotrowski-wien"
"Hollywood Burger","Burger","4.5","4","Mariahilfer Str. 148","1150","Wien","Rudolfsheim-Fünfhaus","0699 10106132","xlhollywoodburger-wien.at","Unter € 10","http://www.yelp.at/biz/hollywood-burger-wien"
"McDöner’s","Türkisches Restaurant","5.0","2","Untere Augartenstr. 2","1020","Wien","Leopoldstadt","","","Unter € 10","http://www.yelp.at/biz/mcd%C3%B6ners-wien"
"Tiger Vietnamese","Vietnamesisches Restaurant","3.5","9","Burggasse 20","1070","Wien","Neubau","01 6505502127","","€ 11-20","http://www.yelp.at/biz/tiger-vietnamese-wien?ytprail=1"
"Al Sarago","PizzaItalienisches Restaurant","4.0","8","Landstraßer Hauptstr. 117","1030","Wien","Landstraße","01 9295628","","€ 11-20","http://www.yelp.at/biz/al-sarago-wien-2"
"Kardos","Österreichisches RestaurantUngarisches Restaurant","5.0","3","Dominikanerbastei 8","1010","Wien","Innere Stadt","01 5126949","restaurantkardos.com","€ 11-20","http://www.yelp.at/biz/kardos-wien"
"Pho Sai Gon","Vietnamesisches Restaurant","4.5","5","Hegelgasse 17","1010","Wien","Innere Stadt","01 5121184","phosaigon.at","€ 11-20","http://www.yelp.at/biz/pho-sai-gon-wien-6"
"Restaurant Colombo Hoppers","Asiatisches Restaurant","3.5","26","Schönbrunner Str.84","1050","Wien","Margareten","01 5454308","colombohoppers.com","€ 21-40","http://www.yelp.at/biz/restaurant-colombo-hoppers-wien"
"Liu’s Wok","Chinesisches RestaurantLieferserviceAsiatisches Restaurant","4.0","8","Schopenhauerstr. 40","1180","Wien","Währing","01 9459999","liuswok.at","€ 11-20","http://www.yelp.at/biz/lius-wok-wien"
"Kent","Türkisches Restaurant","4.5","8","Hütteldorferstr. 117","1140","Wien","Penzing","","kent-restaurant.at","€ 11-20","http://www.yelp.at/biz/kent-wien-4"
"Akakiko","Japanisches Restaurant","3.5","11","Landstraßer Hauptstr. 59","1030","Wien","Landstraße","01 057333120","akakiko.at","€ 11-20","http://www.yelp.at/biz/akakiko-wien"
"Testa Rossa","CaféCoffee Shop","4.0","3","Südtiroler Platz 13","5020","Salzburg","","0662 453435","testarossacaffe.com","","http://www.yelp.at/biz/testa-rossa-salzburg"
"Schnitzlwirt","Österreichisches Restaurant","4.5","3","Siebenstädterstrasse 19","5020","Salzburg","","0662 431283","s-schnitzl.at","€ 11-20","http://www.yelp.at/biz/schnitzlwirt-salzburg"
"Il Padrino","Italienisches RestaurantPizza","4.0","8","Haunspergstr. 35 / Jahnstr.8","5020","Salzburg","","0662 870879","","€ 11-20","http://www.yelp.at/biz/il-padrino-salzburg"
"Donna’s Thaiküche","Thailändisches Restaurant","4.0","9","Leopoldskronstr. 7","5020","Salzburg","","0699 11985880","thaikueche.at","€ 11-20","http://www.yelp.at/biz/donnas-thaik%C3%BCche-salzburg"
"Cafe Pamina","Restaurant","4.0","10","Judengasse 17","5020","Salzburg","","0662 842338","","€ 11-20","http://www.yelp.at/biz/cafe-pamina-salzburg"
"Delhi Delights","Indisches Restaurant","3.5","7","Ungargasse 21","1030","Wien","Landstraße","01 7127137","delhidelights.at","€ 11-20","http://www.yelp.at/biz/delhi-delights-wien"
"Cafe Maximilian - Restaurant","Coffee ShopCaféModern-Europäisches Restaurant","3.5","8","Universitätsstr. 2","1090","Wien","Alsergrund","01 4057149","","€ 11-20","http://www.yelp.at/biz/cafe-maximilian-restaurant-wien"
"Lavanderia","Italienisches Restaurant","4.0","5","Albertgasse 51","1080","Wien","Josefstadt","01 9425045","lavanderia.at","€ 11-20","http://www.yelp.at/biz/lavanderia-wien"
"Mikado","Asiatisches Restaurant","4.5","5","Gymnasiumstr. 27","1180","Wien","Währing","01 4705639","mikado.cc","€ 11-20","http://www.yelp.at/biz/mikado-wien"
"Green Apple","Asiatisches Restaurant","3.5","6","Hintere Zollamtsstrasse 2b/Top 1","1030","Wien","Landstraße","01 7152251","hizo.at/asia","Unter € 10","http://www.yelp.at/biz/green-apple-wien"
"Restaurant Müldür","Türkisches RestaurantKleine Gerichte","5.0","4","Hütteldorferstr. 130c","1140","Wien","Penzing","01 9122590","müldür-restaurant.at","€ 11-20","http://www.yelp.at/biz/restaurant-m%C3%BCld%C3%BCr-wien"
"Pizzeria La Piazza","Pizza","4.5","7","Gaußplatz 7-8","1200","Wien","Brigittenau","01 3309594","","€ 11-20","http://www.yelp.at/biz/pizzeria-la-piazza-wien"
"Restaurant El Greco","Griechisches Restaurant","4.5","4","Pfauengasse 8","1060","Wien","Mariahilf","01 5874135","restaurant-elgreco.at","€ 11-20","http://www.yelp.at/biz/restaurant-el-greco-wien"
"Akasaka Sushi Bar","Japanisches RestaurantSushi","4.0","6","Vorlaufstr. 5","1010","Wien","Innere Stadt","01 5339656","","Unter € 10","http://www.yelp.at/biz/akasaka-sushi-bar-wien"
"Aganigi Naganigi","Kebab","4.5","3","Ignaz-Harrer-Str. 55","5020","Salzburg","","","","€ 11-20","http://www.yelp.at/biz/aganigi-naganigi-salzburg"
"Ninos","Italienisches Restaurant","4.5","9","Himmelstr. 2","1190","Wien","Döbling","01 3282828","ninos.at","€ 11-20","http://www.yelp.at/biz/ninos-wien"
"Rasa Sayang","Asiatisches Restaurant","4.0","9","Moosstr. 22","5020","Salzburg","","0662 828074","rasa-sayang.at","€ 11-20","http://www.yelp.at/biz/rasa-sayang-salzburg"
"Zum guten Hirten","Österreichisches RestaurantBiergarten","4.5","16","Bahnhofstr. 1","5020","Salzburg","","0662 451006","zumgutenhirten.com","€ 11-20","http://www.yelp.at/biz/zum-guten-hirten-salzburg"
"Tokyo Bay","Japanisches RestaurantSushi","4.5","14","Ignaz-Harrer-Str. 38","5020","Salzburg","","0662 243106","tokyobay.at","€ 21-40","http://www.yelp.at/biz/tokyo-bay-salzburg"
"Hotel Bristol","RestaurantNightlifeHotel","5.0","5","Makartplatz 4","5020","Salzburg","","0662 873557","","Über € 41","http://www.yelp.at/biz/hotel-bristol-salzburg"
"Restaurant Koschat 2000","Essen & TrinkenPizzaItalienisches Restaurant","2.0","6","Stift-Viktring-Strasse 1","9073","Klagenfurt-Viktring","","0463 282523","","€ 11-20","http://www.yelp.at/biz/restaurant-koschat-2000-klagenfurt-viktring"
"Ohh Sushi&Wok","Japanisches RestaurantSushi","4.0","5","Landesgerichtsstraße 12","1010","Wien","Innere Stadt","01 9574034","ohh-sushi.at","","http://www.yelp.at/biz/ohh-sushi-and-wok-wien"
"McDonald’s","Fast FoodBurger","3.5","6","Hernalser Gürtel 82 A - 87","1080","Wien","Josefstadt","01 4082900","mcdonalds.at","€ 11-20","http://www.yelp.at/biz/mcdonalds-wien"
"China-Restaurant Goldener Drache","Chinesisches Restaurant","3.5","5","Porzellangasse 33","1090","Wien","Alsergrund","01 3173318","goldener-drachen.at","€ 21-40","http://www.yelp.at/biz/china-restaurant-goldener-drache-wien"
"AJ’s American Diner","Amerikanisches RestaurantBurgerDiner","3.5","8","Severingasse 5","1090","Wien","Alsergrund","01 2763390","ajsamericandiner.com/de","€ 11-20","http://www.yelp.at/biz/ajs-american-diner-wien-2"
"Buffet 019","Wirtshaus","4.0","4","Gerhardusgasse 24","1200","Wien","Brigittenau","0676 5298116","","","http://www.yelp.at/biz/buffet-019-wien"
"Oishii Sushi","SushiJapanisches RestaurantVietnamesisches Restaurant","4.5","3","Nussdorferstr. 86","1090","Wien","Alsergrund","0699 10742976","oishii-sushi.at","€ 11-20","http://www.yelp.at/biz/oishii-sushi-wien"
"Pizzeria Cara Mia","LieferserviceItalienisches RestaurantPizza","4.0","16","Pragerstraße 65","1210","Wien","Floridsdorf","01 2707886","pizzaontour.at","€ 11-20","http://www.yelp.at/biz/pizzeria-cara-mia-wien-3"
"Tien Tsin","Chinesisches Restaurant","4.0","5","Ramperstorffergasse 47/1/5","1050","Wien","Margareten","01 5445751","","Unter € 10","http://www.yelp.at/biz/tien-tsin-wien"
"Lucullus Restaurant","Österreichisches Restaurant","4.0","5","Neulinggasse 29","1030","Wien","Landstraße","01 7180215","lucullus-catering.at","€ 11-20","http://www.yelp.at/biz/lucullus-restaurant-wien"
"Hayaci Sushi Bar","Sushi","3.5","9","Währingerstr. 14","1090","Wien","Alsergrund","0699 11152226","hayaci.at","Unter € 10","http://www.yelp.at/biz/hayaci-sushi-bar-wien"
"China Restaurant Bambus","Chinesisches Restaurant","5.0","1","Klagenfurterstr. 5","9170","Ferlach","","04227 20470","","€ 11-20","http://www.yelp.at/biz/china-restaurant-bambus-ferlach"
"Pizza Panorama","PizzaItalienisches Restaurant","3.0","1","Waidmannsdorfer Strasse 57","9020","Klagenfurt","","0463 22111","pizza-panorama.at","","http://www.yelp.at/biz/pizza-panorama-klagenfurt"
"Fallaloon F-Express","Asiatisches Restaurant","4.0","3","Völkermarkter Straße  225","9020","Klagenfurt","","","fallaloon.at","€ 11-20","http://www.yelp.at/biz/fallaloon-f-express-klagenfurt"
"Lavista","Mexikanisches Restaurant","2.5","3","Herreng 12","9020","Klagenfurt","","0676 84757730","","€ 11-20","http://www.yelp.at/biz/lavista-klagenfurt"
"Gasthof Kirschnerhof","Österreichisches Restaurant","5.0","1","Kirschnerstrasse 10","9161","Maria Rain","","04227 84922","","€ 11-20","http://www.yelp.at/biz/gasthof-kirschnerhof-maria-rain"
"Pizzeria Agli Amici","PizzaItalienisches Restaurant","4.0","6","Herbertstrasse 1/1","9020","Klagenfurt","","0463 513842","","Über € 41","http://www.yelp.at/biz/pizzeria-agli-amici-klagenfurt"
"Cafe am Platz","CaféCoffee Shop","4.0","1","Neuer Platz 9","9020","Klagenfurt","","0676 3330222","jammer.at/cafeamplatz/home","Unter € 10","http://www.yelp.at/biz/cafe-am-platz-klagenfurt-2"
"Kebab La Diva Koc","Kebab","4.5","3","Liechtensteinstr. 16","1090","Wien","Alsergrund","01 3101238","","Unter € 10","http://www.yelp.at/biz/kebab-la-diva-koc-wien"
"Hasir","CaféCoffee Shop","4.5","4","Mexikoplatz 20","1020","Wien","Leopoldstadt","01 7291750","hasir.at","€ 11-20","http://www.yelp.at/biz/hasir-wien"
"Pizzeria Casanova","Italienisches RestaurantLieferservice","4.0","4","Neustiftgasse 145","1070","Wien","Neubau","01 5225307","pizzeria-casanova.com","€ 11-20","http://www.yelp.at/biz/pizzeria-casanova-wien"
"Akakiko","Asiatisches RestaurantJapanisches Restaurant","4.0","10","Am Platz 3","1130","Wien","Hietzing","057 333-160","akakiko.at","€ 11-20","http://www.yelp.at/biz/akakiko-wien-6"
"Sushigo","ImbissbudeAsiatisches Restaurant","4.5","2","Schottentor Passage","1010","Wien","Innere Stadt","0650 5338519","","€ 11-20","http://www.yelp.at/biz/sushigo-wien"
"Oliva Verde","PizzaItalienisches Restaurant","4.0","8","Florianigasse 15","1080","Wien","Josefstadt","01 4054106","olivaverde.at","€ 21-40","http://www.yelp.at/biz/oliva-verde-wien"
"Wienerwald","Deutsches RestaurantBrathähnchenFast Food","3.0","9","Goldschmiedgasse 6","1010","Wien","Innere Stadt","0501 516133","wienerwald.at","€ 11-20","http://www.yelp.at/biz/wienerwald-wien-9"
"Donaudelta","WirtshausWein, Bier & Schnaps","4.0","5","Sechshauser Gürtel 7","1150","Wien","Rudolfsheim-Fünfhaus","0650 5641000","donaudelta.at","€ 11-20","http://www.yelp.at/biz/donaudelta-wien-2"
"Pizzeria Da Adriano","Pizza","4.5","4","Wallensteinstr. 54","1200","Wien","Brigittenau","01 3327351","","Unter € 10","http://www.yelp.at/biz/pizzeria-da-adriano-wien"
"Flugfisch","Asiatisches Restaurant","4.0","5","Untere Augartenstr. 3","1020","Wien","Leopoldstadt","01 3304274","","€ 11-20","http://www.yelp.at/biz/flugfisch-wien"
"Pizza Mir","LieferserviceKebabPizza","4.0","1","Museumstr. 19","4020","Linz","","0732 783846","pizzamir.at","Unter € 10","http://www.yelp.at/biz/pizza-mir-linz"
"Burger Checker","Burger","3.5","6","Freistädter Str. 313","4040","Linz","","0660 1101200","","€ 11-20","http://www.yelp.at/biz/burger-checker-linz-2"
"Pizza Service Solo","PizzaLieferservice","4.5","2","Füchselstr.14","4020","Linz","","","","€ 11-20","http://www.yelp.at/biz/pizza-service-solo-linz"
"Pizza Baron","Pizza","5.0","1","Wiener Str. 6","4020","Linz","","0732 661190","","Unter € 10","http://www.yelp.at/biz/pizza-baron-linz"
"Schnitzelhaus","Fast FoodÖsterreichisches Restaurant","5.0","1","Hauptstr. 66","4040","Linz","","0501 01050","schnitzelhaus.com","","http://www.yelp.at/biz/schnitzelhaus-linz"
"Tom Yam","Thailändisches Restaurant","4.0","6","Konrad-Vogel-Str. 11","4020","Linz","","0732 946969","tomyam.at","€ 11-20","http://www.yelp.at/biz/tom-yam-linz-2"
"Alexis Sorbas","Griechisches Restaurant","4.0","3","Lobenhauerngasse 16-18","1170","Wien","Hernals","01 4892726","alexissorbas.at","Unter € 10","http://www.yelp.at/biz/alexis-sorbas-wien-2"
"New Point","BurgerVegetarisches RestaurantAsiatisches Restaurant","3.5","10","Pilgramgasse 9","1050","Wien","Margareten","01 5448806","newpointrestaurant.at","€ 11-20","http://www.yelp.at/biz/new-point-wien-2"
"Porta Via","PizzaItalienisches Restaurant","4.5","4","Wilhelmstr. 33","1120","Wien","Meidling","01 8157770","pizzatelefon.at","€ 11-20","http://www.yelp.at/biz/porta-via-wien"
"Pizzeria La Traviata","Pizza","4.0","9","Neilreichgasse 22","1100","Wien","Favoriten","01 6032971","latraviata.at","","http://www.yelp.at/biz/pizzeria-la-traviata-wien"
"Wok Imbiss","Fast Food","4.5","2","Märzstr. 48","1150","Wien","Rudolfsheim-Fünfhaus","","","Unter € 10","http://www.yelp.at/biz/wok-imbiss-wien"
"Saphire","Türkisches Restaurant","4.0","3","Jägestraße 35","1200","Wien","Brigittenau","01 9681966","","€ 11-20","http://www.yelp.at/biz/saphire-wien"
"Liman","Türkisches Restaurant","4.0","3","Payergasse 2veronikagasse 19","1160","Wien","Ottakring","01 4020290","liman-restaurant.at","€ 11-20","http://www.yelp.at/biz/liman-wien"
"Mishi","Asiatisches Restaurant","3.5","4","Wiedner Hauptstr. 78","1040","Wien","Wieden","0650 3626971","","€ 11-20","http://www.yelp.at/biz/mishi-wien"
"burgerme","BurgerLieferservice","3.5","9","Erdbergstr. 202","1030","Wien","Landstraße","01 361595595","burgerme.at","€ 11-20","http://www.yelp.at/biz/burgerme-wien-3"
"Iron Chef","Chinesisches RestaurantLieferservice","4.5","2","Währinger Straße  24","1090","Wien","Alsergrund","01 3177065","","€ 11-20","http://www.yelp.at/biz/iron-chef-wien"
"China-Palast","Chinesisches Restaurant","3.5","5","Eisenhandstr. 30","4020","Linz","","0732 7688-0","chinapalast.at","€ 11-20","http://www.yelp.at/biz/china-palast-linz"
"Akakiko","Japanisches Restaurant","3.5","19","Landstr. 17-25Passage Center, 3. Stock","4020","Linz","","057 333170","akakiko.at/index.html","€ 21-40","http://www.yelp.at/biz/akakiko-linz-2"
"Non Solo Vino","Italienisches RestaurantDelikatessenPizza","5.0","3","Bischofstr. 15","4020","Linz","","0732 797788","nonsolovino.at","€ 11-20","http://www.yelp.at/biz/non-solo-vino-linz"
"Rikscha","Vietnamesisches Restaurant","4.5","11","Graben 31","4020","Linz","","0732 782144","","Unter € 10","http://www.yelp.at/biz/rikscha-linz"
"NITTEL’s","Restaurant","","","Keplerstraße 57","8020","Graz","","04369 917701737","nittels.at","","http://www.yelp.at/biz/nittels-graz"
"Loana CakeAway","Champagner BarCaféCoffee Shop","","","Sporgasse 26","8010","Graz","","0664 1217872","cakeaway.at","Unter € 10","http://www.yelp.at/biz/loana-cakeaway-graz"
"Lemon leaf","Thailändisches Restaurant","4.0","2","Kettenbrückengasse 19","1050","Wien","Margareten","01 5812308","","€ 11-20","http://www.yelp.at/biz/lemon-leaf-wien"
"Pizzeria Motelli","PizzaItalienisches Restaurant","3.5","4","Meidlinger Hauptstr. 3","1120","Wien","Meidling","01 81792471","","Unter € 10","http://www.yelp.at/biz/pizzeria-motelli-wien"
"Pizzeria La Corta Özalp","Pizza","4.0","4","Liechtensteinstr. 32-34/8","1090","Wien","Alsergrund","01 3152556","lacorta.at","€ 11-20","http://www.yelp.at/biz/pizzeria-la-corta-%C3%B6zalp-wien"
"Schnitzelhaus","Österreichisches Restaurant","4.0","5","Martinstr. 54","1180","Wien","Währing","01 4075821","schnitzelhaus.com","€ 11-20","http://www.yelp.at/biz/schnitzelhaus-wien-16"
"Hakka Cun","Asiatisches Restaurant","3.5","5","Rennweg 28","1030","Wien","Landstraße","01 7990374","","","http://www.yelp.at/biz/hakka-cun-wien"
"Takami","Chinesisches RestaurantAsiatisches Restaurant","4.5","5","Ratschkygasse 5","1120","Wien","Meidling","01 8100711","takami.at/1.html","€ 11-20","http://www.yelp.at/biz/takami-wien"
"Fine - Snack Factory","KebabPizza","4.5","2","Heiligenstädter Str. 33","1190","Wien","Döbling","","","Unter € 10","http://www.yelp.at/biz/fine-snack-factory-wien"
"Ra’Mien Go","Asiatisches Restaurant","4.5","2","Dresdner Str. 68A","1200","Wien","Brigittenau","01 9054226","ramiengo.at/info-kontakt.html","€ 11-20","http://www.yelp.at/biz/ramien-go-wien-3"
"Asia Wok Leckerbox","Asiatisches Restaurant","4.0","4","Haberlgasse 58","1160","Wien","Ottakring","01 4058380","","","http://www.yelp.at/biz/asia-wok-leckerbox-wien"
"Lebensbaumkreis Am Himmel","Österreichisches Restaurant","4.5","8","Himmelstr. 150","1190","Wien","Döbling","01 4065938","himmel.at","€ 11-20","http://www.yelp.at/biz/lebensbaumkreis-am-himmel-wien"
"Cafe La Strada","Restaurant","4.0","1","Grabenstr. 14","8010","Graz","","0316 688722","","","http://www.yelp.at/biz/cafe-la-strada-graz"
"Cosimo","Mediterranes Restaurant","4.0","1","Hofgasse 8","8010","Graz","","0316 839836","cosimo.co.at/#_=_","","http://www.yelp.at/biz/cosimo-graz"
"Dean & David","Modern-Europäisches Restaurant","3.5","2","Jakoministr. 34","8010","Graz","","","deananddavid.de","Unter € 10","http://www.yelp.at/biz/dean-und-david-graz-2"
"China-Restaurant Hong-Kong","Chinesisches Restaurant","5.0","1","Jakoministrasse 19","8010","Graz","","0316 825397","","€ 11-20","http://www.yelp.at/biz/china-restaurant-hong-kong-graz"
"Dionysos","Griechisches Restaurant","4.0","8","Färbergasse 6/8Ecke Prokopigasse 1","8010","Graz","","0316 810181","restaurant-dionysos.at","€ 21-40","http://www.yelp.at/biz/dionysos-graz"
"Fontana Di Trevi","PizzaLieferserviceItalienisches Restaurant","3.0","19","Schumanngasse 4","8010","Graz","","0316 383602","fontanaditrevi.at","€ 11-20","http://www.yelp.at/biz/fontana-di-trevi-graz"
"Mario Plachutta","Mediterranes Restaurant","5.0","1","Wollzeile 38","1010","Wien","Innere Stadt","01 51215770","plachutta.at","","http://www.yelp.at/biz/mario-plachutta-wien"
"October Wok","Japanisches RestaurantChinesisches Restaurant","5.0","1","Hernalser Gürtel 39 Top 2","1170","Wien","Hernals","01 2310111","","","http://www.yelp.at/biz/october-wok-wien"
"Restaurant Hanil Sushi","Japanisches Restaurant","4.0","7","Hietzinger Hauptstr. 20","1130","Wien","Hietzing","01 8795029","hanil.at","€ 11-20","http://www.yelp.at/biz/restaurant-hanil-sushi-wien"
"Jalisco","Mexikanisches Restaurant","2.5","12","Favoritenstr. 58","1040","Wien","Wieden","01 2165830","jalisco.at","€ 11-20","http://www.yelp.at/biz/jalisco-wien-2"
"St. Charles Alimentary, Mamsell","Österreichisches Restaurant","4.5","3","Gumpendorferstrasse 33","1060","Wien","Mariahilf","0650 9700350","saint.info","Unter € 10","http://www.yelp.at/biz/st-charles-alimentary-mamsell-wien"
"NASCHTA","Indisches Restaurant","3.5","4","Garnisongasse 10","1090","Wien","Alsergrund","04314 074234","thenaschta.webs.com","€ 11-20","http://www.yelp.at/biz/naschta-wien"
"Simorgh","Orientalisches RestaurantPersisches Restaurant","5.0","1","Sechsschimmelgasse 6","1090","Wien","Alsergrund","01 3102697","kuechemitkultur.simorgh.at","","http://www.yelp.at/biz/simorgh-wien-2"
"Schnitzelhaus","Österreichisches Restaurant","4.0","2","Otto-Bauer-Gasse 26","1060","Wien","Mariahilf","01 5878726","schnitzelhaus.com","€ 11-20","http://www.yelp.at/biz/schnitzelhaus-wien-10"
"hot spoon","Suppe & EintopfDessertsSalat","5.0","1","Salesianergasse 20","1030","Wien","Landstraße","01 7150393","hot-spoon.at","","http://www.yelp.at/biz/hot-spoon-wien"
"Meinls Sushibar","Japanisches Restaurant","5.0","1","Graben 19","1010","Wien","Innere Stadt","01 53233346400","meinlamgraben.at","€ 21-40","http://www.yelp.at/biz/meinls-sushibar-wien"
"Z10","Chinesisches RestaurantAsiatisches RestaurantLieferservice","4.0","8","Zinzendorfgasse 10","8010","Graz","","0316 225337","z10.at","€ 11-20","http://www.yelp.at/biz/z10-graz"
"Hidden Kitchen","Vegetarisches RestaurantSalatSuppe & Eintopf","4.5","20","Färbergasse 3","1010","Wien","Innere Stadt","01 2768398","hiddenkitchen.at","€ 11-20","http://www.yelp.at/biz/hidden-kitchen-wien"
"Pizzeria Mama Mia","Pizza","3.5","6","Königseggasse 11","1060","Wien","Mariahilf","01 5979960","pizzeria-mamamia.at","€ 11-20","http://www.yelp.at/biz/pizzeria-mama-mia-wien"
"Xiang Shan","Asiatisches Restaurant","5.0","2","Floridsdorfer Hauptstr. 26","1210","Wien","Floridsdorf","01 2716532","xiangshan.at","€ 11-20","http://www.yelp.at/biz/xiang-shan-wien-3"
"Tri Stelle Pizzeria Lieferservice","Pizza","5.0","2","Lerchenfelder Str.  160","1080","Wien","Josefstadt","","pizza-wien.at","€ 11-20","http://www.yelp.at/biz/tri-stelle-pizzeria-lieferservice-wien"
"Mirchi","Indisches Restaurant","3.5","15","Hirschengasse 8","1060","Wien","Mariahilf","01 5952504","mirchi.at","€ 11-20","http://www.yelp.at/biz/mirchi-wien"
"Monsoon","Indisches Restaurant","4.5","6","Donaufelder Str. 66","1210","Wien","Floridsdorf","01 2558422","monsoonvienna.at","€ 11-20","http://www.yelp.at/biz/monsoon-wien-2"
"China-Restaurant Jade","Chinesisches Restaurant","4.5","4","Favoritenstrasse 177","1100","Wien","Favoriten","01 6026295","","€ 11-20","http://www.yelp.at/biz/china-restaurant-jade-wien"
"Ponte Rialto","Pizza","4.0","5","Tivoligasse 44","1120","Wien","Meidling","01 8120249","ponte-di-rialto.at","€ 11-20","http://www.yelp.at/biz/ponte-rialto-wien"
"St. Ellas","BistroBBQ & Barbecue","3.0","5","Zieglergasse 43-45","1070","Wien","Neubau","","stellas.at","€ 11-20","http://www.yelp.at/biz/st-ellas-wien"
"Pizzeria Palermo","PizzaItalienisches RestaurantLieferservice","3.5","8","Obere Augartenstr. 2","1020","Wien","Leopoldstadt","01 3327324","","Unter € 10","http://www.yelp.at/biz/pizzeria-palermo-wien"
"Pizzeria Luna Rossa","Italienisches Restaurant","4.5","2","Waehringerstrasse 74","1090","Wien","Alsergrund","","","","http://www.yelp.at/biz/pizzeria-luna-rossa-wien"
"Saray","PizzaLieferservice","5.0","1","Ottakringer Str. 30 Stiege 1","1170","Wien","Hernals","01 9240368","","Unter € 10","http://www.yelp.at/biz/saray-wien"
"Ossi’s Pizza Pasteria, Irik KEG","LieferserviceItalienisches Restaurant","5.0","2","Klosterneuburger Strasse 35","1200","Wien","Brigittenau","059 058466","imeal.eu/Ossis-Pizza-1200-Wie…","Unter € 10","http://www.yelp.at/biz/ossis-pizza-pasteria-irik-keg-wien"
"burgerme","Burger","4.0","7","Breitenfurter Str. 189","1230","Wien","Liesing","01 361595595","burgerme.at","€ 11-20","http://www.yelp.at/biz/burgerme-wien"
"Wienerwald","Deutsches RestaurantBrathähnchenFast Food","3.5","3","Bellariastr. 12","1010","Wien","Innere Stadt","0501 51515","wienerwald.at","€ 11-20","http://www.yelp.at/biz/wienerwald-wien-10"
"Da Corrado","Italienisches RestaurantLieferservicePizza","4.0","3","Penzinger Str. 22","1140","Wien","Penzing","01 8943166","dacorrado.at","€ 21-40","http://www.yelp.at/biz/da-corrado-wien"
"Asia Restaurant Li","Japanisches RestaurantThailändisches RestaurantChinesisches Restaurant","5.0","1","Währinger Gürtel 162","1090","Wien","Alsergrund","01 9259698","","Unter € 10","http://www.yelp.at/biz/asia-restaurant-li-wien-2"
"Pizza Sisi","Pizza","4.0","2","Billrothstr. 18","1190","Wien","Döbling","01 3696868","pizzaboy.at","Unter € 10","http://www.yelp.at/biz/pizza-sisi-wien"
"Pizzeria Santa Maria","Pizza","4.5","3","Gentzgasse 86-88","1180","Wien","Währing","01 4792436","santamaria1180.at","€ 21-40","http://www.yelp.at/biz/pizzeria-santa-maria-wien"
"Wasabi Sushi Restaurant","Asiatisches Restaurant","4.5","11","Donaufelder Straße 37","1210","Wien","Floridsdorf","01 8901413","wasabirestaurant.at","€ 11-20","http://www.yelp.at/biz/wasabi-sushi-restaurant-wien-2"
"Futtertopf","Pizza","3.5","3","Thaliastr. 121","1160","Wien","Ottakring","01 4950396","futter-topf.at","€ 11-20","http://www.yelp.at/biz/futtertopf-wien"
"La Miramare","Italienisches RestaurantGriechisches Restaurant","4.5","6","Maria-Kuhn Gasse 6","1100","Wien","Favoriten","01 2980020","la-miramare.at","€ 11-20","http://www.yelp.at/biz/la-miramare-wien"
"Servus am Platzl","Restaurant","3.5","2","Uhlplatz 5","1080","Wien","Josefstadt","01 4052677","servusamplatzl.at","€ 11-20","http://www.yelp.at/biz/servus-am-platzl-wien"
"Tauber","CaféCoffee Shop","4.0","5","Donaustadtstr. 1","1220","Wien","Donaustadt","01 2023300","tauber.at","€ 11-20","http://www.yelp.at/biz/tauber-wien-8"
"Restaurant Lucky Friend","Chinesisches Restaurant","3.5","4","Landgutgasse 35","1100","Wien","Favoriten","01 6036072","","€ 11-20","http://www.yelp.at/biz/restaurant-lucky-friend-wien"
"Pizzeria Primavera","Pizza","3.0","4","Steinbauergasse 22","1120","Wien","Meidling","01 8152210","","€ 11-20","http://www.yelp.at/biz/pizzeria-primavera-wien"
"Al Pacino","PizzaLieferservice","3.5","3","Wittelsbachstr. 3","1020","Wien","Leopoldstadt","01 7264495","pizzeria-alpacino.at","€ 11-20","http://www.yelp.at/biz/al-pacino-wien"
"Kamasutra","Indisches Restaurant","5.0","2","Johnstr. 24","1150","Wien","Rudolfsheim-Fünfhaus","01 9291155","","Unter € 10","http://www.yelp.at/biz/kamasutra-wien"
"Curry Up!","Indisches Restaurant","2.5","9","Gußhausstr. 19","1040","Wien","Wieden","01 890224816","curryup.at","€ 11-20","http://www.yelp.at/biz/curry-up-wien"
"The Burger Bar","Amerikanisches RestaurantBurgerCocktailbar","3.5","2","Liechtensteinstr. 8b","1090","Wien","Alsergrund","01 9222830","theburgerbar.at","€ 11-20","http://www.yelp.at/biz/the-burger-bar-wien"
"Pizzakeller","PizzaItalienisches Restaurant","3.0","12","Bellegardegasse 2","1220","Wien","Donaustadt","01 2692120","","€ 11-20","http://www.yelp.at/biz/pizzakeller-wien"
"Pizzeria Bella Vita","Pizza","3.5","2","Untere Augartenstr. 16","1020","Wien","Leopoldstadt","01 2765563","","€ 11-20","http://www.yelp.at/biz/pizzeria-bella-vita-wien"
"Marco Polo Asian Cuisine","Asiatisches Restaurant","2.0","6","Landstraßer Hauptstr. 2a","1030","Wien","Landstraße","01 7131560","marcopoloasian.at","€ 11-20","http://www.yelp.at/biz/marco-polo-asian-cuisine-wien"
"One Sinn","Asiatisches Restaurant","4.0","1","Kinderspitalgasse 2","1090","Wien","Alsergrund","01 4065222","","Unter € 10","http://www.yelp.at/biz/one-sinn-wien"
"calllas","SpezialitätenInternationales Restaurant","4.0","1","Schubertring 6","1010","Wien","Innere Stadt","01 5129926","calllas.at","Über € 41","http://www.yelp.at/biz/calllas-wien-2"
"India gate Indishese Restaurant","Restaurant","3.0","2","Franz Josef Kai  49","1010","Wien","Innere Stadt","01 5330332","","€ 11-20","http://www.yelp.at/biz/india-gate-indishese-restaurant-wien"
"Aida Prousek & Co Chocolaterie u Großkonditorei","Restaurant","3.5","3","Favoritenstr. 88-90","1100","Wien","Favoriten","01 6006965","","€ 11-20","http://www.yelp.at/biz/aida-prousek-and-co-chocolaterie-u-gro%C3%9Fkonditorei-wien-7"
"eWok","Asiatisches RestaurantSushi","3.5","6","Donau-City-Straße 4","1220","Wien","Donaustadt","01 8901337","ewok.at","€ 11-20","http://www.yelp.at/biz/ewok-wien"
"Der Biogreissler","BuffetBioladen","4.0","1","Währinger Str. 5","1090","Wien","Alsergrund","0676 7850424","derbiogreissler.at","Unter € 10","http://www.yelp.at/biz/der-biogreissler-wien"
"Pizzeria Cara Mia","PizzaItalienisches Restaurant","4.5","7","Hardeggasse 69-71","1220","Wien","Donaustadt","01 2837383","pizzeria-caramia.at","€ 11-20","http://www.yelp.at/biz/pizzeria-cara-mia-wien-2"
"I Love Veggie Burger","BurgerVegetarisches RestaurantVeganes Restaurant","2.5","6","Margarethenstr. 76","1050","Wien","Margareten","01 5122509","veggie-burger.at","€ 11-20","http://www.yelp.at/biz/i-love-veggie-burger-wien"
"Wok Haus Asia Restaurant","Asiatisches RestaurantChinesisches RestaurantJapanisches Restaurant","4.0","1","Taborstr. 46a","1020","Wien","Leopoldstadt","02165 215","wokhaus.at","€ 11-20","http://www.yelp.at/biz/wok-haus-asia-restaurant-wien"
"Nara - Asiatische Spezialitäten","Japanisches Restaurant","4.0","5","Einsiedeleigasse 7","1130","Wien","Hietzing","01 8794568","restaurant-nara.at","€ 11-20","http://www.yelp.at/biz/nara-asiatische-spezialit%C3%A4ten-wien"
"Nayeb","Nahöstliches Restaurant","4.0","5","Gumpendorferstraße  22","1060","Wien","Mariahilf","","","Unter € 10","http://www.yelp.at/biz/nayeb-wien"
"Pizza Plus","Italienisches Restaurant","4.5","6","Kaufpark Alt ErlaaAnton Baumgartner Str. 44","1230","Wien","Liesing","01 6679229","pizzaplus.at","€ 11-20","http://www.yelp.at/biz/pizza-plus-wien-2"
"Leberkas-Pepi","Österreichisches Restaurant","4.5","6","Operngasse 12","1010","Wien","Innere Stadt","0664 2658865","leberkaspepi.at","Unter € 10","http://www.yelp.at/biz/leberkas-pepi-wien"
"Josef Schrott","Bäckereien & Konditoreien","4.5","5","Mariahilfer Str. 159","1150","Wien","Rudolfsheim-Fünfhaus","01 8934249-0","baeckerei-schrott.at","Moderat","http://www.yelp.at/biz/josef-schrott-wien"
"La Bella Vita","Italienisches Restaurant","4.0","1","Rainergasse 12","1040","Wien","Wieden","01 9672786","labellavita.wien","","http://www.yelp.at/biz/la-bella-vita-wien"
"di piu","Italienisches Restaurant","5.0","1","Olympiaplatz 2/Top 2. 1e","1020","Wien","Leopoldstadt","01 2764151","","€ 11-20","http://www.yelp.at/biz/di-piu-wien-2"
"China-Restaurant Pan Asia","Chinesisches Restaurant","4.0","1","Praterstr. 22","1020","Wien","Leopoldstadt","01 2147382","","€ 11-20","http://www.yelp.at/biz/china-restaurant-pan-asia-wien"
"Passion","CocktailbarItalienisches Restaurant","2.5","8","Handelskai  94-96","1200","Wien","Brigittenau","","","€ 11-20","http://www.yelp.at/biz/passion-wien-2"
"McDonald’s","Fast FoodBurger","2.5","3","Julius-Tandler-Platz 3","1090","Wien","Alsergrund","01 3157216","mcdonalds.at","€ 11-20","http://www.yelp.at/biz/mcdonalds-wien-53"
"Pizzeria Marina 2","PizzaLieferservice","4.5","2","Hetzendorferstr. 149","1120","Wien","Meidling","01 8020570","","Unter € 10","http://www.yelp.at/biz/pizzeria-marina-2-wien"
"Ecke","SushiDim Sum","3.0","5","Flurschützstr.  21","1120","Wien","Meidling","01 8137594","restaurant-ecke.at","€ 11-20","http://www.yelp.at/biz/ecke-wien"
"Pizzeria San Stefano","PizzaLieferserviceItalienisches Restaurant","4.0","2","Ameisgasse 7","1140","Wien","Penzing","01 8946272","","Unter € 10","http://www.yelp.at/biz/pizzeria-san-stefano-wien"
"Il Capitano","PizzaItalienisches Restaurant","4.5","3","Streffleurgasse 13","1200","Wien","Brigittenau","01 3309427","","€ 11-20","http://www.yelp.at/biz/il-capitano-wien"
"Pizzeria Fantastica","PizzaItalienisches Restaurant","3.5","10","Wagramer Str. 154","1220","Wien","Donaustadt","01 2037539","fantastica.at","€ 11-20","http://www.yelp.at/biz/pizzeria-fantastica-wien"
"Pizza Mann","Italienisches Restaurant","3.5","2","Nussdorferstr. 40","1090","Wien","Alsergrund","0501 01010","pizzamann.at","","http://www.yelp.at/biz/pizza-mann-wien-4"
"Schnitzelhaus","Essen & TrinkenFast Food","3.5","2","Thaliastrasse 133","1160","Wien","Ottakring","01 4955284","","€ 11-20","http://www.yelp.at/biz/schnitzelhaus-wien-2"
"Restaurant Asia World","Asiatisches Restaurant","2.5","3","Spitalgasse 1a","1090","Wien","Alsergrund","","","Unter € 10","http://www.yelp.at/biz/restaurant-asia-world-wien?ytprail=1"
"Pho Viet","Vietnamesisches Restaurant","4.0","3","Meidlingerhauptr. 5","1120","Wien","Meidling","0676 4446986","phoviet.at/info","Unter € 10","http://www.yelp.at/biz/pho-viet-wien"
"Schnipi, Schnitzel-u Pizzazustellung","PizzaItalienisches RestaurantÖsterreichisches Restaurant","3.5","3","Stolberggasse 10","1050","Wien","Margareten","01 5454949","schnipi.at","Unter € 10","http://www.yelp.at/biz/schnipi-schnitzel-u-pizzazustellung-wien"
"Mantici","Türkisches Restaurant","5.0","2","Gottschalkgasse 2/5B","1110","Wien","Simmering","0660 7388356","","€ 11-20","http://www.yelp.at/biz/mantici-wien"
"Pizzeria Nino","Italienisches Restaurant","2.5","2","Burggasse 102","1070","Wien","Neubau","","","€ 11-20","http://www.yelp.at/biz/pizzeria-nino-wien"
"Charlyfresh","SandwichDessertsSalat","3.0","1","Karlsplatz 3","1010","Wien","Innere Stadt","01 8906150","charlyfresh.at","Unter € 10","http://www.yelp.at/biz/charlyfresh-wien-2"
"Pizzeria San Giovanni","PizzaItalienisches Restaurant","3.5","7","Testarellogasse 37Ecke Hietzinger Kai 173","1130","Wien","Hietzing","01 9619530","sangiovanni.at","€ 11-20","http://www.yelp.at/biz/pizzeria-san-giovanni-wien"
"Soycreative","Vegetarisches RestaurantAsiatisches Restaurant","5.0","1","Hütteldorfer Str.215","1140","Wien","Penzing","01 9908606","","","http://www.yelp.at/biz/soycreative-wien"
"Pizza on tour express","PizzaItalienisches Restaurant","5.0","1","Heiligenstädterstr. 160","1190","Wien","Döbling","01 9072432","pizzaontour-express.at","€ 11-20","http://www.yelp.at/biz/pizza-on-tour-express-wien"
"La Ventura","Pizza","4.0","1","Diepoldplatz 12","1170","Wien","Hernals","01 4840955","pizzerialaventura-wien.at","€ 11-20","http://www.yelp.at/biz/la-ventura-wien"
"China-Restaurant z Glück","Chinesisches Restaurant","4.0","1","Morizgasse 13","1060","Wien","Mariahilf","01 5962046","","Unter € 10","http://www.yelp.at/biz/china-restaurant-z-gl%C3%BCck-wien"
"Wok’in","Asiatisches Restaurant","3.5","5","Neubaugasse 63","1070","Wien","Neubau","","","Unter € 10","http://www.yelp.at/biz/wokin-wien"
"Asia Restaurant Wok In","Chinesisches RestaurantAsiatisches Restaurant","4.5","8","Lainzer Straße 84","1130","Wien","Hietzing","01 8771705","","€ 11-20","http://www.yelp.at/biz/asia-restaurant-wok-in-wien"
"Hallo Pizza","Pizza","2.0","2","Schottenfeldgasse 53","1070","Wien","Neubau","01 52113","hallopizza.at","€ 11-20","http://www.yelp.at/biz/hallo-pizza-wien"
"Muxxu","Chinesisches RestaurantAsiatisches Restaurant","3.5","2","kalvarienberggasse 35","1170","Wien","Hernals","01 9440676","muxxu.at","","http://www.yelp.at/biz/muxxu-wien"
"Vietnam Imbiss","Vietnamesisches Restaurant","3.0","1","Reinprechtsdorferstr. 58-60","1050","Wien","Margareten","01 9458282","","","http://www.yelp.at/biz/vietnam-imbiss-wien"
"Tong Fu","Chinesisches Restaurant","4.0","5","Thaliastrasse 126","1160","Wien","Ottakring","01 4864211","members.chello.at/tongfu","€ 11-20","http://www.yelp.at/biz/tong-fu-wien-2"
"Flying Diner","Diner","2.5","4","Margaretenstr.76","1050","Wien","Margareten","01 7153620","flying-diner.com","€ 11-20","http://www.yelp.at/biz/flying-diner-wien-6"
"Mauer","Asiatisches Restaurant","4.5","6","Endresstr. 77","1230","Wien","Liesing","01 9248788","restaurant-mauer.at","€ 11-20","http://www.yelp.at/biz/mauer-wien"
"Yamo Yamo","Japanisches RestaurantKoreanisches RestaurantThailändisches Restaurant","2.5","2","Favoritenstraße 2","1040","Wien","Wieden","01 9139746","","€ 11-20","http://www.yelp.at/biz/yamo-yamo-wien"
"La Koliba","Kroatisches Restaurant","3.0","2","Laxenburger Str. 6","1100","Wien","Favoriten","","","Unter € 10","http://www.yelp.at/biz/la-koliba-wien"
"McDonald’s","BurgerFast Food","1.5","5","Wiebeke-Kruse-Str. 1","1030","Wien","Landstraße","01 7101725","mcdonalds.at","Unter € 10","http://www.yelp.at/biz/mcdonalds-wien-12"
"Gasthaus Ratschky","Österreichisches Restaurant","4.0","1","Ratschkygasse 37","1120","Wien","Meidling","0681 81144938","","€ 11-20","http://www.yelp.at/biz/gasthaus-ratschky-wien"
"Shanghai City","Chinesisches RestaurantAsiatisches Restaurant","3.0","5","Simmeringer Hauptstr. 142-150","1110","Wien","Simmering","01 7675144","lieferservice.at/shanghai-city","€ 11-20","http://www.yelp.at/biz/shanghai-city-wien"
"China Restaurant Tien Du","Chinesisches RestaurantThailändisches RestaurantAsiatisches Restaurant","4.0","2","Pragerstr. 10","1210","Wien","Floridsdorf","01 2783138","","","http://www.yelp.at/biz/china-restaurant-tien-du-wien"
"Kebap Pizza","PizzaLieferservice","4.0","1","Hütteldorferstr. 169","1140","Wien","Penzing","","","Unter € 10","http://www.yelp.at/biz/kebap-pizza-wien"
"Zhong Hua","Chinesisches Restaurant","2.0","5","Gumpendorfer Str. 41","1060","Wien","Mariahilf","01 5869537","","","http://www.yelp.at/biz/zhong-hua-wien"
"Pizza John","PizzaItalienisches Restaurant","3.5","4","Mollardgasse 83","1060","Wien","Mariahilf","01 2086368","mjam.net/at/#page=restaurant/…","€ 11-20","http://www.yelp.at/biz/pizza-john-wien"
"Ra’mien Go Dc Tower","Asiatisches Restaurant","4.0","1","DC Tower","","Wien","Donaustadt","01 9165156","ramiengo.at/30.html","Unter € 10","http://www.yelp.at/biz/ramien-go-dc-tower-wien"
"Pizzeria Pinguino","PizzaLieferservice","4.0","3","Einsiedeleigasse 7","1130","Wien","Hietzing","01 9902222","pizzeria-pinguino.co.at","€ 11-20","http://www.yelp.at/biz/pizzeria-pinguino-wien-2"
"Pizzeria Vulcano","Pizza","2.5","4","Kutschkergasse 8","1180","Wien","Währing","01 4059131","","€ 11-20","http://www.yelp.at/biz/pizzeria-vulcano-wien"
"Pizzeria Maddalena","PizzaItalienisches Restaurant","4.0","4","Dückegasse 7bzw. Tokiostraße 11","1220","Wien","Donaustadt","01 2036272","pizzeria-maddalena.info","€ 11-20","http://www.yelp.at/biz/pizzeria-maddalena-wien"
"Liu´s","Japanisches RestaurantSushi","2.5","2","Heiligenstädter Str. 78","1190","Wien","Döbling","01 3684132","","€ 11-20","http://www.yelp.at/biz/liu-s-wien"
"Ristorante Pizzeria Il Delfino","Pizza","2.5","2","Engerthstr. 92","1200","Wien","Brigittenau","01 3748787","","€ 11-20","http://www.yelp.at/biz/ristorante-pizzeria-il-delfino-wien"
"Vesuvio","PizzaItalienisches Restaurant","2.5","2","Römergasse 77","1170","Wien","Hernals","01 4851124","pizza-vesuvio.at","€ 11-20","http://www.yelp.at/biz/vesuvio-wien"
"Bamboo Room","Japanisches Restaurant","2.0","1","Vorlaufstraße","1010","Wien","Innere Stadt","01 5351779","","€ 11-20","http://www.yelp.at/biz/bamboo-room-wien"
"Pizzeria Dal Maestro","Pizza","2.5","2","Engerthstr. 106","1200","Wien","Brigittenau","01 3329994","","","http://www.yelp.at/biz/pizzeria-dal-maestro-wien"
"Zum goldenen Fisch","Chinesisches RestaurantAsiatisches Restaurant","4.0","5","Kaiser-Ebersdorfer Str. 247","1110","Wien","Simmering","01 7672777","goldenenfisch.at","€ 11-20","http://www.yelp.at/biz/zum-goldenen-fisch-wien-2"
"Flavio","Italienisches Restaurant","4.0","3","Pragerstr. 126","1210","Wien","Floridsdorf","01 3454647","flavio.at/#0","€ 11-20","http://www.yelp.at/biz/flavio-wien"
"DaDa kocht","Japanisches RestaurantChinesisches RestaurantAsiatisches Restaurant","3.5","4","Simmeringer Hauptstr. 41","1110","Wien","Simmering","01 7431543","dada-kocht.at","€ 11-20","http://www.yelp.at/biz/dada-kocht-wien"
"Lucky Chen","Chinesisches RestaurantJapanisches Restaurant","3.0","4","Bonygasse 28","1120","Wien","Meidling","01 9050022","","€ 11-20","http://www.yelp.at/biz/lucky-chen-wien-4"
"Picasso Pizza","LieferserviceItalienisches Restaurant","3.0","1","Döblinger Hauptstraße  88","1190","Wien","Döbling","01 3671305","","Unter € 10","http://www.yelp.at/biz/picasso-pizza-wien"
"Flying Dinner","BurgerDinerLieferservice","2.0","1","Alserbachstr. 28","1090","Wien","Alsergrund","","flying-diner.com","€ 11-20","http://www.yelp.at/biz/flying-dinner-wien"
"Pizzeria Fantastico","PizzaItalienisches RestaurantInternationales Restaurant","1.0","3","Spengergasse 22","1050","Wien","Margareten","01 8901814","pizzeria-fantastico.at","Unter € 10","http://www.yelp.at/biz/pizzeria-fantastico-wien"
"Good Food","Japanisches RestaurantItalienisches RestaurantChinesisches Restaurant","4.0","1","Prießnitzgasse 16","1210","Wien","Floridsdorf","01 2720111","","Unter € 10","http://www.yelp.at/biz/good-food-wien"
"Up!grade your food","Fast FoodLieferservice","5.0","1","Mahlerstraße 11","1010","Wien","Innere Stadt","01 9972802","up-gradeyourfood.com","€ 11-20","http://www.yelp.at/biz/up-grade-your-food-wien"
"Hase und Igel - Feinkost","Österreichisches Restaurant","","","Theobaldgasse 16","1060","Wien","Mariahilf","01 9716029","haseundigel-feinkost.at","","http://www.yelp.at/biz/hase-und-igel-feinkost-wien"
"Goa Indian Restaurant","Indisches RestaurantAsiatisches Restaurant","3.0","1","Heiligenstädter Str.115","1190","Wien","Döbling","01 3683415","goa-restaurant.at","€ 11-20","http://www.yelp.at/biz/goa-indian-restaurant-wien"
"McDonald’s","Fast FoodBurger","4.0","1","Simmeringer Hauptstr. 113","1110","Wien","Simmering","01 7492250","mcdonalds.at","€ 11-20","http://www.yelp.at/biz/mcdonalds-wien-66"
"Pizza Imbiss","Imbissbude","3.0","1","Thaliastraße 135","1160","Wien","Ottakring","01 965224","","€ 11-20","http://www.yelp.at/biz/pizza-imbiss-wien"
"Nayeb","Persisches RestaurantHalalBuffet","5.0","1","Gumpendorfer Str. 22","1060","Wien","Mariahilf","01 2087099","","","http://www.yelp.at/biz/nayeb-wien-2"
"McDonald’s","Fast FoodBurger","3.5","3","Breitenfurter Str. 245/247","1230","Wien","Liesing","01 80364640","mcdonalds.at","€ 11-20","http://www.yelp.at/biz/mcdonalds-wien-38"
"Pizzeria Arbaillo","LieferserviceItalienisches RestaurantPizza","","","Untere Augartenstrasse 10","1020","Wien","Leopoldstadt","01 2182277","pizzeria-arbaillo.at","","http://www.yelp.at/biz/pizzeria-arbaillo-wien"
"Pizza Mann","PizzaItalienisches Restaurant","1.0","1","Ziegelofengasse 41","1050","Wien","Margareten","01 86660","pizzamann.at","€ 21-40","http://www.yelp.at/biz/pizza-mann-wien-5"
"Jasmin al Sham","Arabisches Restaurant","4.5","3","Heiligenstädter Str. 9","1190","Wien","Döbling","01 8902170","","€ 11-20","http://www.yelp.at/biz/jasmin-al-sham-wien"
"Da Contessa","CaféPizzaCoffee Shop","2.0","3","Heiligenstädterstr. 84","1190","Wien","Döbling","","dacontessa.at","","http://www.yelp.at/biz/da-contessa-wien"
"Yildiz Villa","Türkisches Restaurant","4.0","1","Auhofstr. 80","1130","Wien","Hietzing","01 8799924","yildizvilla.at","€ 11-20","http://www.yelp.at/biz/yildiz-villa-wien"
"Ristorante Tanti Saluti","PizzaItalienisches Restaurant","1.0","1","Rainergasse 31","1040","Wien","Wieden","01 5046115","pizzeria-tantisaluti.at","€ 11-20","http://www.yelp.at/biz/ristorante-tanti-saluti-wien"
"Asia Restaurant Nudelhaus","Asiatisches Restaurant","3.0","4","Lazaristengasse 2","1180","Wien","Währing","01 2931995","","","http://www.yelp.at/biz/asia-restaurant-nudelhaus-wien"
"Levante Restaurante","Österreichisches Restaurant","","","Mariahilferstr. 88 a","1070","Wien","Neubau","","levante.at","€ 11-20","http://www.yelp.at/biz/levante-restaurante-wien"
"Xin Chao Vietnamese Cuisine","Vietnamesisches Restaurant","5.0","1","Gumpendorfer str. 127","1060","Wien","Mariahilf","01 9437859","","€ 11-20","http://www.yelp.at/biz/xin-chao-vietnamese-cuisine-wien"
"Schnitzl Land","Fast Food","","","Vereinsgasse  18","1020","Wien","Leopoldstadt","01 2143862","schnitzlland.at","","http://www.yelp.at/biz/schnitzl-land-wien-2"
"Einkehr Weisser Esel","Österreichisches Restaurant","4.0","2","Hirschstettnerstr. 11","1220","Wien","Donaustadt","0699 81158759","weisser-esel.at","","http://www.yelp.at/biz/einkehr-weisser-esel-wien"
"Goldene Schüssel","Asiatisches Restaurant","1.5","3","Linzerstr. 54","1140","Wien","Penzing","01 7869290","","","http://www.yelp.at/biz/goldene-sch%C3%BCssel-wien"
"Pizzeria Casa Piccola","Pizza","","","Kreuzgasse 54Währing","1180","Wien","Währing","01 4050471","","","http://www.yelp.at/biz/pizzeria-casa-piccola-wien-2"
"Asia-Restaurant Sun","SushiAsiatisches RestaurantChinesisches Restaurant","4.5","2","Geringergasse 27","1110","Wien","Simmering","01 7688959","imeal.eu/China-Restaurant-Sun…","€ 11-20","http://www.yelp.at/biz/asia-restaurant-sun-wien"
"Siciliana","PizzaItalienisches Restaurant","","","Steinhagegasse 20","1120","Wien","Meidling","01 9412783","","","http://www.yelp.at/biz/siciliana-wien"
"McDonald’s","Fast FoodBurger","","","Margaretengürtel 45","1050","Wien","Margareten","01 8466663","mcdonalds.at","€ 11-20","http://www.yelp.at/biz/mcdonalds-wien-52"
"Pizza Pronto","Italienisches RestaurantPizza","1.5","2","Wattgasse 16","1160","Wien","Ottakring","01 4801444","","","http://www.yelp.at/biz/pizza-pronto-wien"
"Parsvideo Vienna","Record LabelEventlocationPersisches Restaurant","","","Seidengasse 45","1070","Wien","Neubau","04319 574363","parsvideo.tv","Unter € 10","http://www.yelp.at/biz/parsvideo-vienna-wien"
"Akropolis 22","Griechisches Restaurant","4.0","3","Stadlauer Str. 26","1220","Wien","Donaustadt","01 2857137","akropolis-wien.at/wp","€ 21-40","http://www.yelp.at/biz/akropolis-22-wien"
"La Gondola","PizzaItalienisches RestaurantLieferservice","3.5","2","Draschestrasse 97-99","1230","Wien","Liesing","01 6175845","pizza-lagondola.at","Unter € 10","http://www.yelp.at/biz/la-gondola-wien"
"McDonald’s","Fast FoodBurger","","","Heiligenstädter Str. 66-68","1190","Wien","Döbling","01 3676694","mcdonalds.at","Unter € 10","http://www.yelp.at/biz/mcdonalds-wien-61"
"Restaurant Al Pacino","Italienisches Restaurant","4.5","2","Lainzer Str. 131","1130","Wien","Hietzing","01 8040776","ristorante-alpacino.at","€ 11-20","http://www.yelp.at/biz/restaurant-al-pacino-wien"
"Hanil Sushi","Japanisches Restaurant","4.0","1","Lainzer Str. 131","1130","Wien","Hietzing","01 8038925","","","http://www.yelp.at/biz/hanil-sushi-wien"
"Star American diner","Diner","","","Johnstr. 24","1150","Wien","Rudolfsheim-Fünfhaus","01 9291155","staramericandiner.at","€ 11-20","http://www.yelp.at/biz/star-american-diner-wien-4"
"Pizzeria Ciao","Pizza","4.0","1","Barmherzigengasse 9","1030","Wien","Landstraße","01 7135550","","€ 11-20","http://www.yelp.at/biz/pizzeria-ciao-wien"
"Lees Wok","Japanisches RestaurantAsiatisches Restaurant","4.0","1","Breitenfurter Str. 201","1230","Wien","Liesing","01 8048784","","Unter € 10","http://www.yelp.at/biz/lees-wok-wien"
"Les Cedres","Libanesisches Restaurant","5.0","1","ausstellungstraße 1020 wien 51","1020","Wien","Leopoldstadt","01 9681964","restaurant-lecedre.at","","http://www.yelp.at/biz/les-cedres-wien"
"Pizzeria Donna Diana","PizzaItalienisches RestaurantLieferservice","2.5","3","Johnstrasse 34-36","1150","Wien","Rudolfsheim-Fünfhaus","01 9822315","","€ 11-20","http://www.yelp.at/biz/pizzeria-donna-diana-wien"
"Akakiko","Japanisches Restaurant","3.0","1","Schlosshofer Str. 11","1210","Wien","Floridsdorf","057 333220","akakiko.at/index.html","€ 11-20","http://www.yelp.at/biz/akakiko-wien-9"
"Gasthaus Spitznagl","Transport & BeförderungPubRestaurant","5.0","1","Laaer-Berg-Strasse 8","1100","Wien","Favoriten","01 6046193","","","http://www.yelp.at/biz/gasthaus-spitznagl-wien"
"Sunrise Gourmet","Asiatisches Restaurant","1.5","3","Schmidgunstgasse 61","1100","Wien","Favoriten","01 917479920","sunrise-gourmet.at","€ 11-20","http://www.yelp.at/biz/sunrise-gourmet-wien"
"Cäsar","Österreichisches Restaurant","2.0","1","Muthgasse 62","1190","Wien","Döbling","01 3703582","caesarcatering.at","Unter € 10","http://www.yelp.at/biz/c%C3%A4sar-wien"
"Döblinger Imbiss","LieferserviceFast Food","","","Doblingerhaupt str 88","1190","Wien","Döbling","01 3670034","","","http://www.yelp.at/biz/d%C3%B6blinger-imbiss-wien"
"Lucky Fen","Dim Sum","","","Bonygasse 28","1120","Wien","Meidling","01 9048822","","€ 11-20","http://www.yelp.at/biz/lucky-fen-wien"
"McDonald’s","BurgerFast Food","3.0","3","Top 320 DonauzentrumWagramerstr. 81-83","1220","Wien","Donaustadt","0699 19000157","mcdonalds.at","€ 11-20","http://www.yelp.at/biz/mcdonalds-wien-65"
"Pizzeria Ristorante Bella Gente","Pizza","4.0","2","Hirschstettner Str. 78","1220","Wien","Donaustadt","01 2808588","","","http://www.yelp.at/biz/pizzeria-ristorante-bella-gente-wien"
"Pizzeria Tempesta","PizzaBurger","1.0","1","Forsthausgasse 16-20","1200","Wien","Brigittenau","01 9559566","","€ 11-20","http://www.yelp.at/biz/pizzeria-tempesta-wien"
"Pizzaservice Reindorf Pizza Pasta Hausmannskost Lieferservice in","Italienisches RestaurantPizza","","","Reindorfgasse  42/1","1150","Wien","Rudolfsheim-Fünfhaus","01 9467213","","","http://www.yelp.at/biz/pizzaservice-reindorf-pizza-pasta-hausmannskost-lieferservice-in-wien"
"Star american diner","Diner","","","Fernkorngasse 27","1100","Wien","Favoriten","01 9291155","staramericandiner.at","","http://www.yelp.at/biz/star-american-diner-wien"
"Goldene Ähre","Asiatisches Restaurant","4.0","1","Brünnerstr. 22","1210","Wien","Floridsdorf","01 2713528","goldeneaehre.at","€ 11-20","http://www.yelp.at/biz/goldene-%C3%A4hre-wien"
"Nori Asian Restaurant","Japanisches RestaurantBuffetAsiatisches Restaurant","3.0","1","Erzherzog-Karl-Str. 129B","1220","Wien","Donaustadt","01 2802439","","€ 11-20","http://www.yelp.at/biz/nori-asian-restaurant-wien"
"Pizzeria Dino","Pizza","","","Hütteldorfer Str. 164","1140","Wien","Penzing","01 9901174","","€ 11-20","http://www.yelp.at/biz/pizzeria-dino-wien"
"Pizzeria Vittoria","PizzaItalienisches Restaurant","2.0","3","Grillgasse 12","1110","Wien","Simmering","01 7493398","","€ 11-20","http://www.yelp.at/biz/pizzeria-vittoria-wien"
"Pizza Perryda","PizzaLieferserviceFast Food","","","Maria Rekker Gasse 1","1100","Wien","Favoriten","01 2085806","bangpizza.at","","http://www.yelp.at/biz/pizza-perryda-wien"
"McDonald’s","Fast FoodBurger","1.0","1","Gasometer A, Top A14/15Guglgasse 6","1110","Wien","Simmering","0676 898361210","mcdonalds.at","","http://www.yelp.at/biz/mcdonalds-wien-4"
"Lucky House China Restaurant","Chinesisches Restaurant","3.5","6","Herzmanovsky-Orlando-Gasse 7","1210","Wien","Floridsdorf","01 2587485","","€ 11-20","http://www.yelp.at/biz/lucky-house-china-restaurant-wien-2"
"Landtmann’s Parkcafe Schönbrunn","Café","","","Schönbrunner Schlosspark beim Neptunbrunnen","1130","Wien","Hietzing","01 24100-720","landtmann-parkcafe.at","","http://www.yelp.at/biz/landtmanns-parkcafe-sch%C3%B6nbrunn-wien"
"Catering La Creperie Mobile","Restaurant","5.0","1","Daringergasse 3/9","1190","Wien","Döbling","0676 5011868","creperie-mobile.at","€ 21-40","http://www.yelp.at/biz/catering-la-creperie-mobile-wien"
"Only-Pizza","LieferservicePizza","3.0","1","Himbergerstraße 6","1100","Wien","Favoriten","01 81900414","","","http://www.yelp.at/biz/only-pizza-wien"
"Pizzahaus Eissalon Paola","Eisdiele & Frozen YogurtPizza","2.5","2","Altmannsdorfer Str. 111","1120","Wien","Meidling","01 8048877","","Unter € 10","http://www.yelp.at/biz/pizzahaus-eissalon-paola-wien"
"Schile Imbiss","Türkisches RestaurantPizza","5.0","1","Moritzgasse 8","1060","Wien","Mariahilf","01 5954809","schile.at","","http://www.yelp.at/biz/schile-imbiss-wien"
"China-Restaurant Atzgersdorf, Mauer","Chinesisches Restaurant","5.0","1","Endresstrasse 27/1","1230","Wien","Liesing","01 8659299","","Über € 41","http://www.yelp.at/biz/china-restaurant-atzgersdorf-mauer-wien"
"Asia City","Japanisches RestaurantChinesisches Restaurant","","","Ziedlergasse 4","1230","Wien","Liesing","01 8654891","","","http://www.yelp.at/biz/asia-city-wien"
"Wok Sushi Speising","Japanisches Restaurant","","","Speisinger Str. 119","1230","Wien","Liesing","01 8860371","","€ 11-20","http://www.yelp.at/biz/wok-sushi-speising-wien"
"Pizzeria Dino El Sayed KEG","PizzaItalienisches RestaurantEssen & Trinken","3.0","1","Endresstrasse 57","1230","Wien","Liesing","01 8892337","","€ 11-20","http://www.yelp.at/biz/pizzeria-dino-el-sayed-keg-wien"
"Restaurant Schabanack","Restaurant","2.0","1","Leopoldauer Platz  90","1220","Wien","Floridsdorf","","schabanack.com","€ 11-20","http://www.yelp.at/biz/restaurant-schabanack-wien"
"Kurparkdiele","Österreichisches Restaurant","5.0","1","Filmteichstr. 4","1100","Favoriten","Favoriten","01 6886230","moviecat.at","€ 11-20","http://www.yelp.at/biz/kurparkdiele-favoriten"
"1st American Burger","Amerikanisches RestaurantLieferservice","","","Oswald-Redlich-Str. 44","1210","Wien","Floridsdorf","01 2020163","","","http://www.yelp.at/biz/1st-american-burger-wien"
"Asia Restaurant Yang","LieferserviceAsiatisches Restaurant","","","Haberditzlgasse 1-3","1210","Wien","Floridsdorf","01 2572226","","","http://www.yelp.at/biz/asia-restaurant-yang-wien"
"EastEnd","Internationales Restaurant","3.5","3","Karl-Farkas-Gasse 18","1030","Wien","Landstraße","0664 4220376","eastend.at","€ 11-20","http://www.yelp.at/biz/eastend-wien"
"UP!grade your food","SandwichFast FoodGyms","3.0","23","Mahlerstr. 11","1010","Wien","Innere Stadt","01 9972802","up-gradeyourfood.com","","http://www.yelp.at/biz/up-grade-your-food-wien-2"
"Pizzeria Pomodoro","Italienisches Restaurant","5.0","1","Rudolf-Zeller-Gasse 49","1230","Wien","Liesing","","","€ 11-20","http://www.yelp.at/biz/pizzeria-pomodoro-wien"
"Interwok","Asiatisches RestaurantWok","","","Simmeringer Hauptstr. 391","1110","Wien","Simmering","0699 18166688","interwok.at","€ 11-20","http://www.yelp.at/biz/interwok-wien"
"Pizzeria Azzurro","Pizza","5.0","1","Hermesstr. 1","1130","Wien","Hietzing","01 8044982","","Unter € 10","http://www.yelp.at/biz/pizzeria-azzurro-wien"
"i Calabresi Cucina Veloce","PizzaItalienisches Restaurant","3.0","1","Hermesstr. 1A","1130","Wien","Hietzing","01 804049082","","€ 11-20","http://www.yelp.at/biz/i-calabresi-cucina-veloce-wien"
"Eat me too","Burger","3.0","1","Spengergasse 22","1050","Wien1050 Wien","Margareten","","eatmetoo.at","Unter € 10","http://www.yelp.at/biz/eat-me-too-wien1050-wien"
